{
  "Version": "2012-10-17",
  "Statement": [
    {
      "Effect": "Allow",
      "Action": [
        "eks:*",
        "elasticloadbalancing:*",
        "cloudformation:*",
        "iam:PassRole",
        "iam:GetRole",
        "iam:ListRoles",
        "iam:CreateRole",
        "iam:AttachRolePolicy",
        "iam:PutRolePolicy",
        "logs:*",
        "ssm:*",
        "tag:GetResources",
        "tag:TagResources",
        "secretsmanager:GetSecretValue",
        "secretsmanager:DescribeSecret",
        "secretsmanager:ListSecrets",
        "secretsmanager:CreateSecret",
        "secretsmanager:UpdateSecret",
        "secretsmanager:DeleteSecret",
        "secretsmanager:PutSecretValue",
        "secretsmanager:TagResource",
        "secretsmanager:UntagResource"
      ],
      "Resource": "*"
    }
  ]
}
