{
  "name": "multi-app-project",
  "image": "mcr.microsoft.com/devcontainers/javascript-node:20",
  "remoteUser": "root",
  "postCreateCommand": "./.devcontainer/setup.sh",
  "features": {
    "ghcr.io/devcontainers/features/common-utils:2": {},
    "ghcr.io/devcontainers/features/docker-in-docker:2": {},
    "ghcr.io/devcontainers/features/python:1": {
      "version": "3.11"
    }
  },
  "customizations": {
    "vscode": {
      "extensions": [
        "ms-python.python",
        "golang.go",
        "esbenp.prettier-vscode",
        "dbaeumer.vscode-eslint",
        "Angular.ng-template"
      ]
    }
  },
  "mounts": [
    "source=/var/run/docker.sock,target=/var/run/docker.sock,type=bind"
  ],
  "forwardPorts": [
    3000,
    4200,
    8000,
    5000
  ],
  "portsAttributes": {
    "3000": {
      "label": "React - 3000"
    }
  }
}
